,42439972,9140654137,42430304,42430329,42430352,42449961,42435644,42453952,42447020,42428493,42431549,42430233,42435598,42430271,42436700,42430633,42435684,1825841742,4347534767,42430253,42457319,42440012,42440287,42430378,5706569898,42427427,42430126,42446266,4597668020,42448693,42451665,42439996,42429782,42452067,42428201,42430160,9121386334,4461990857,42435923,42428223,588546891,279151954,42445543,42428471,42431614,42440743,42428368,42428444,42442247,42429840,42430805,42438547,42448563,42437890,4143765783,42428308,4149936235,42453038,42429661,2821304137,42452015,42431461,4149936245,42432679,1773076511
42439972,0.0,104.61876874349277,74.26035840700713,39.102253458627274,88.1265742497811,196.83518189511682,74.03935391609997,499.57746726600715,265.5184080009127,254.40880840796527,156.76220866913235,267.46004007246756,207.5023819441695,152.47773553639018,163.39955497219967,145.44403931432268,89.45365665618795,162.29921298037982,187.64348483921395,215.53820312412594,367.4286740662823,146.03056715287707,526.2380729677105,143.0439047708784,419.4373141031146,159.94739359669245,393.8359962637626,164.58368410498127,138.38479734912613,196.99721004624675,398.5768606321527,100.4723552882393,472.78142938475634,444.06623697149575,172.54386729334436,349.10205941906037,476.57182824674896,57.12230652978208,508.43529700335296,123.80672197823847,566.7182448079808,589.7699532331103,309.9704719455288,304.79841969362957,434.642929461088,321.39536499249635,539.6558780813591,372.29449298077327,400.98847875334474,579.3626324034577,245.70529391869582,92.42382359731216,299.16092429328916,127.97746752843719,472.42737967068194,106.12939320033112,544.7338601801838,394.87524894342715,162.65066788839084,473.81983188568455,354.0279532322863,286.74415631942696,540.3180862861593,599.9468901146295,417.76388629798464
9140654137,117.6177088522355,0.0,112.52898400339227,92.25057281909082,105.13139095432052,102.74952490148924,161.72513482273044,477.70260555654113,174.1274807074262,200.09463900346043,196.34966547973875,334.21252360000096,294.994654338764,191.12677362457993,111.28170315907794,234.16325970096935,165.07891938248736,228.58661107357452,174.3466613246131,252.72577869634748,314.69519677409,160.76235510601072,504.36321125824435,157.77569272401206,390.5135009322044,247.53842294807689,427.94597620933143,102.0199848549245,72.84285284524393,137.52381118789845,344.2626912276479,140.39376120029576,418.46725998025147,389.75206756699083,160.13115508441413,408.7909290798505,451.5663698774173,144.80808743641256,441.39043746195097,143.6889925711102,551.7850787684193,556.1217648322206,255.6563025410239,250.4842502891247,464.4096313109402,266.6412327442161,517.781016371893,319.561015688581,348.55376806200206,556.2591718312101,316.3149131930215,180.10960450394265,365.4741926447112,215.56849687982162,501.9806442890346,163.5450483095876,550.2710457549633,447.6172016917564,250.14294028298534,451.716898930113,406.76990598061553,232.24846987092945,545.8552718609388,576.843429542382,363.44971689347983
42430304,74.72259234056851,111.61240603627316,0.0,49.355456307423836,98.37977709857765,207.08838474391337,49.218413683992296,466.21341024416927,275.7716108497092,188.60544369108854,191.87108037540165,242.63909984035988,182.68144171206185,127.65679530428253,173.65275782099621,122.66002107196104,160.60033427815029,224.10802596923745,197.89668768801056,190.71726289201828,303.20600146171813,156.28377000167362,492.8740159458725,153.29710761967496,379.0243056198325,135.12645336458476,369.015056031655,98.09422315446486,68.91709114478428,131.19384532937,332.77349591527593,135.91517609595869,406.9780646678796,378.2628722546189,106.74050257646759,324.28111918695276,440.0771745650453,32.301366297674406,439.9630842290798,86.36126249564188,540.2958834560474,554.6944115993493,244.167107228652,238.99505497675278,409.8219892289803,255.5920002756196,506.29182105952106,308.07182037620913,337.0645727496302,545.99857538162,220.88435368658813,67.60288336520448,274.3399840611815,103.15652729632951,447.6064394385742,159.0664632052505,519.9129199480761,370.0543087113195,137.82972765628318,440.22770361774116,329.2070130001786,220.94079160255026,515.4971460540517,566.5828330927917,351.96052158110786
42430329,25.367136033144682,92.8716719948256,99.6274944401518,0.0,49.02432079115382,157.73292843648952,99.40648994924464,524.9446032991518,226.4161545422854,253.33896349585982,142.5156240679778,292.8271761056123,232.8695179773142,177.84487156953486,124.29730151357236,170.81117534746738,111.24487797072644,174.75256966181362,148.54123138058674,240.90533915727062,367.9395212664894,106.92831369424978,551.6052090008552,103.94165131225115,443.75782542460377,185.31452962983712,419.2031322969073,162.82774295923613,133.65061094955553,195.92736513414124,397.5070157200472,86.55971978853486,471.7115844726509,442.99639205939025,171.47402238123885,374.4691954522051,501.93896427989364,82.48944256292675,502.53039756010185,149.17385801138317,592.0853808411257,615.1370892662551,308.90062703342335,303.7285747815241,460.01006549423266,320.32552008039096,565.0230141145037,372.8053401809804,401.7980925544014,604.7297684366025,271.07242995184055,117.79095963045684,324.5280603264339,153.34460356158186,497.7945157038266,109.71100689782669,570.1009962133285,420.2423849765718,188.01780392153555,499.1869679188292,379.39508926543095,285.6743114073215,565.685222319304,625.3140261477744,416.69404138587913
42430352,88.37835573678383,103.68512225473455,155.23220923606016,123.75646934632483,0.0,108.70860764533572,162.41770965288376,566.2443655523053,177.39183375113154,288.6363989992247,93.49130327682397,355.8383958092514,295.8807376809533,233.82999885724783,75.27298072241855,229.53775198322526,62.220557179572616,125.7282488706598,99.51691058943291,296.83539679904914,403.2369567698543,57.90399290309597,592.9049712540087,54.91733052109733,479.0552609279687,248.32574933347624,482.2143520005464,198.12517846260107,168.94804645292052,231.22480063750618,432.8044512234121,37.53539899738103,507.00901997601585,478.29382756275515,206.7714578846038,437.48041515584424,540.1081298731815,145.50066226656588,536.4835475055414,186.3922178037781,640.3268387641837,651.2148748758112,344.19806253678826,339.026010284889,523.0212851978717,355.6229555837558,606.3227763676573,408.1027756843453,437.09552805776644,646.029530689756,334.08364965547963,180.80217933409594,387.539280030073,216.35582326522098,560.8057354074658,60.686686106672866,633.1122159169676,483.2536046802109,251.02902362517466,540.2586589258773,442.4063089690701,320.9717469106864,628.6964420229431,666.6137884009279,451.99147688924415
42449961,195.81828606237247,119.01351661953285,221.82470750302687,201.07392014536026,136.97686389027967,0.0,269.8576399784725,587.8282046617827,71.7481501616034,310.22023810870206,146.41078545866094,444.33812270524265,403.32066800654206,300.42249712421454,61.019011579593766,336.51990684979813,170.68597108968984,178.64773105249674,122.98419003385087,362.8513778015891,423.9361785978471,111.45067336947648,587.295675703341,108.46401098747786,500.6391000374461,355.765679659065,538.0715753145731,212.2865443830693,183.1957006221797,245.80341143675352,395.3546925330194,146.00081290749824,468.65431363522833,445.89858941697173,270.2567541896559,518.9165281850923,561.6919689826589,252.9405925921546,483.4663249802389,252.98471607074478,621.2493607756381,598.1976523505086,365.7819016462656,360.6098493943664,574.535230416182,309.5461668427289,627.9066154771348,429.6866147938227,458.6793671672438,598.3350593494981,426.4405122982631,288.2421096596847,475.5997917499529,323.79575359080974,612.1062433942764,140.43189928206485,651.9845826459264,557.7428007969982,358.46895395076336,561.8424980353547,516.8955050858573,288.2140718795942,655.8392856089811,618.91931706067,434.68392478587526
42435644,88.56981457436434,158.99960242703222,49.21841368399229,96.7426526981829,145.7669734893367,254.4755811346724,0.0,474.53552254299234,323.1588072404683,229.36686368495046,181.29693323803068,242.41809534945267,182.46043722115465,127.43579081337535,221.0399542117553,73.44160738796874,113.9883812250863,186.8339375492781,245.28388407876957,190.49625840111108,342.3867293432674,173.31196551359446,501.19612824469556,200.68430401043403,394.39536938009974,121.85335445640645,368.7940515407478,139.5417393819664,118.13550482877656,171.9552653232319,373.53491590913785,125.00707985713764,447.7394846617415,419.02429224848083,147.5019225703295,324.06011469604556,451.5298835237341,32.08036180676723,489.18149791307206,98.76477725522363,526.936134740913,549.9878431660425,284.928527222514,279.75647497061476,409.60098473807307,296.35342026948155,505.2183102728396,347.2525482577584,375.94653403032993,554.3206876804429,220.66334919568095,67.3818788742973,274.1189795702743,102.93552280542234,447.3854349476671,130.66411776922948,504.95175011311596,369.8333042204123,137.608723165376,448.77788716266974,328.9860085092714,261.70221159641216,500.53597621909154,574.9049453916149,392.72194157496983
42453952,484.3606567734411,491.4254315875613,409.6380644328725,458.99352074029633,508.0178415314502,568.4675242156673,427.0866279383955,0.0,640.2156743772706,298.0207435284817,601.5091448082742,210.81621937993324,293.61991497173284,331.20930629006966,583.2908222538688,419.08357188120135,541.0750091634818,613.9205654876737,607.5347521208831,268.1461406231214,183.1186189299207,565.9218344345462,66.57662931306011,562.9351720525476,121.20878840286237,356.28070714271246,87.9907183494606,390.63997797956904,446.50304302388605,354.9424231138539,228.67509034986006,545.5532405288312,236.6866565849327,178.10761173538054,362.7992646595562,145.5984327967407,60.27082156479402,426.70086725514807,187.32555276488742,382.00954114884405,113.99849682323506,137.0502052483646,245.32286786041465,253.59748591516615,37.098753966760924,331.50196151235065,79.99443442670875,175.72623036010282,161.54530569173556,119.7011887488075,243.57397331847062,405.4806916890916,184.73755712527858,355.7095742980227,24.27803873249349,557.750745707625,112.48446380977911,90.48136796410301,334.3530061722986,39.941587846480445,134.94823449523165,332.84401517703026,108.06868991575462,140.28544645997934,186.08349911953883
42447020,225.58424092101154,148.92927704632652,251.5906623616659,230.8398750039993,166.74281874891875,71.12655325939397,299.6235948371115,617.7439650885765,0.0,340.13599853549584,119.43562611990876,474.2538831320363,433.0866228651811,330.18845198285356,90.14108677271273,365.0714242415442,200.4519259483289,124.38096794865635,53.34764744379613,392.76713822838286,454.7365563061254,140.57274856259545,644.4045707902799,111.37571501431067,530.5548604642396,385.53163451770405,567.9873357413668,242.202304809863,213.1114610489734,275.71917186354716,460.8658097790493,175.7667677661373,535.06621057607,506.3551861183922,300.1725146164495,548.8322886118859,591.6077294094525,282.70654745079366,549.8782219210805,282.7506709293839,687.6612577164796,664.60954929135,395.6976620730594,390.5256098211602,604.4509908429757,378.18520802134924,657.8223759039284,459.6023752206163,488.5951275940374,664.7469562903398,456.35627272505684,318.00806451832375,505.5155521767466,353.56170844944876,642.02200382107,169.55397447518385,690.3124052869987,587.6585612237918,388.2349088094024,591.7582584621484,546.811265512651,343.7924451480625,685.8966313929742,685.3312140015114,480.0528354448812
42428493,268.84565584320666,208.0925689432817,194.12306350263813,243.47851981006198,292.5028406012157,301.09350897236845,242.71628160542576,277.6079665530807,372.8416591339719,0.0,385.9941438780398,134.11788459654053,109.24956863876307,115.69430535983527,312.32699058664815,310.0079286274517,354.7233977807885,418.2310894718756,375.5443483062004,52.63113969288703,114.60055777062955,350.40683350431175,304.2685722547839,347.42017112231315,190.4188619287439,171.91036080974274,227.85133720587095,107.30711533528942,163.1701803796064,71.60956046957429,144.1680522241874,330.0382395985969,218.37262097679107,189.65742856353043,96.06290322247668,208.69629007639006,251.4717308739568,211.1858663249137,272.7232319884166,165.4428109572851,351.6904397649589,374.74214819008847,55.56166353756349,50.38961128566427,264.31499230747977,70.53042468294143,317.68637736843255,119.46637668512051,148.45912905854163,357.39313169053133,116.220274189561,189.9656907588572,165.3795536412507,140.19457336778828,301.8860052855742,353.18952670788866,350.1764067515029,247.5225626882959,118.83800524206414,251.6222599266526,206.6752669771551,65.46999993373149,345.7606328574784,377.9773894017032,163.3550778900194
42431549,107.64828164636798,181.5665250551964,181.90864005337508,143.026395255909,82.04816142537389,132.27761380738792,181.6876355624679,607.2257489123751,147.7216506206374,362.05709005433323,0.0,375.10832171883555,315.1506635905374,260.1260171827582,71.75550838990435,246.37419926009787,81.49048308915677,69.67769117716145,69.84672745893874,323.18648477049385,475.0769557126502,21.304965779776193,633.8863546140784,25.24714739060317,527.0855957494824,267.5956752430604,501.4842779101306,272.2319657513492,246.0330789954941,304.6454916926147,506.2251422785207,56.80532490696518,580.4297110311243,551.7145186178637,280.19214893971235,456.7503410654283,584.2201098931168,164.77058817615003,613.3511247389829,231.45500362460643,674.3665264543488,697.4182348794783,417.61875359189685,412.4467013399976,542.2912111074559,429.04364663886435,647.304159727727,479.94277462714126,508.6367603997127,687.0109140498257,353.3535755650638,200.0721052436801,406.80920593965715,235.62574917480515,580.0756613170498,50.28619169236458,652.3821418265517,502.5235305897951,270.29894953475883,581.4681135320525,461.6762348786542,394.39243796579495,647.9663679325272,707.5951717609975,525.4121679443527
42430233,273.5444373935078,310.4342510892125,198.8218450529393,248.17730136036315,297.201622151517,405.9102297968527,222.99280155052247,271.13982042546183,474.59345590264854,109.9610609360752,390.6929254283409,0.0,89.52608858385975,120.3930869101364,372.4746028739355,290.161395170198,336.9811827756088,409.8267390998006,396.7185327409498,57.32992124318818,111.94591688665801,355.10561505461294,297.80042612716505,352.1189526726143,183.95071580112506,152.18688075483945,167.4523091459492,211.85319908874587,238.93616656815303,176.1556442230307,143.5410154885082,334.737021148898,217.74558424111186,189.03039182785122,151.9830452796229,122.718372301247,245.003584746338,215.88464787521485,272.0961952527374,171.1933217689108,345.22229363734004,368.2740020624696,88.47611352116884,83.30406126926962,208.25924234327445,174.65520717310477,311.2182312408137,116.81173580114898,145.5057215737205,350.92498556291247,32.75775393853738,194.66447230915833,79.40163586610765,144.89335491808941,246.04369255286852,353.6569193197519,324.97457175300224,168.4915618256137,123.5367867923653,245.15411379903375,127.6442661144729,174.22874204079406,320.55879785897775,371.5092432740843,162.7280411543402
42435598,222.03652754102703,292.4663153936949,182.55187290163565,230.20936566484562,279.2336864559995,387.94229410133516,133.4667129666627,355.2320152473633,456.625520207131,123.82389079836912,314.76364620469343,123.1145880538237,0.0,104.1231147588328,354.506667178418,201.04470092983422,247.455094191749,320.30065051594084,378.7505970454323,71.19275110548209,223.08322204763843,306.77867848025716,381.89262094906655,334.1510169770968,275.0918620844707,62.66079217097965,249.4905442451187,195.5863180356619,222.66619441684938,159.88876316994669,260.82496777030127,258.47379282380035,335.02953652290495,306.31434410964425,135.71307312831928,204.75660740041656,332.2263762281051,165.54707477342993,389.38014753453047,154.9233496176072,393.17331071132264,416.2250191364522,173.73919675684934,168.56714450495014,290.2974774424441,194.35431548131058,371.4554862432492,227.94904096212937,256.6430267347009,435.01718038481397,101.35984190005195,115.16282432142572,154.8154722746453,79.62284675087979,318.2483783056347,264.1308307358922,371.1889260835256,250.52979692478326,44.991485371686764,329.4743798670407,209.6825012136424,185.83110136798663,366.7731521895011,448.63305178149835,280.01199343613325
42430271,153.1513504833714,190.04116417907608,78.42875814280289,127.78421445022671,176.80853524138053,285.5171428867163,127.11870430563297,391.0628660371882,354.2003689925122,113.45489948410743,270.2998385182045,163.98284055198334,104.02518242368535,0.0,252.08151596379912,200.49006157023834,239.02909242095313,302.5367841120404,276.3254458308134,112.06100360364178,228.05545725473704,234.7125281444765,417.7234717388914,231.72586576247787,303.8737614128514,56.47019407620825,290.3587967432785,91.53937601696566,118.54307965801665,56.04330112238887,257.62295170829486,214.34393423876153,331.8275204608985,303.11232804763785,31.58995836948649,245.62485989857623,364.9266303580643,95.49156096507845,386.178131472524,50.8002348587744,463.2410452874967,486.2927537126263,169.0165630216709,163.8445107697717,331.1657299406037,180.4414560686385,431.14127685254,232.92127616922798,261.9140285426491,470.84803117463883,142.22809439821162,74.27138539902192,195.68372477280494,24.500268007953004,368.95018015019775,237.49522134805338,441.25666065969966,291.398049422943,59.17346836790667,365.0771594107601,250.55075371180212,145.79024739556914,436.8408867656752,491.43228888581064,276.8099773741268
42436700,135.44315414829882,109.90248860762756,161.44957558895317,140.69878823128656,76.60173197620601,62.452501143498424,209.48250806439873,572.4617319051983,132.23870972425343,294.8537653521177,86.01897216361073,384.695617219143,342.9455360924684,240.0473652101408,0.0,275.5008952702044,110.31083917561615,118.25591775744655,92.04457947621965,303.0527631519421,409.4543231227473,50.43166178988272,599.1223376069019,47.44499940788408,485.2726272808617,295.39054774499124,504.00795954369477,204.34254481549405,175.1654128058135,237.4421669903992,439.0218175763052,85.62568099342457,513.2263863289088,484.51119391564816,212.9888242374968,459.2740226989925,546.3254962260744,192.56546067808085,542.5448271726544,192.60958415667108,646.5442051170767,657.2761545429241,350.4154288896813,345.2433766377821,544.81489274102,361.8403219366489,612.5401427205504,414.3201420372383,443.3128944106594,652.2468970426489,366.7980068121635,227.86697774561097,415.95728626385323,263.420621676736,582.5993429506141,79.41288770247111,645.0301721036207,505.0472122233593,298.0938220366897,546.4760252787703,464.1999165122184,327.1891132635795,640.6143982095962,672.8311547538207,458.20884324213716
42430633,160.002297041011,230.4320848936789,122.66002107196103,168.17513516482956,217.1994559559834,325.90806360131904,73.44160738796874,438.9528990066972,394.5912897071149,293.1286678258219,252.72941570467736,292.4193650812765,199.66956542818681,199.99839124992934,292.472436678402,0.0,185.42086369173296,258.26642001592484,316.71636654541624,240.49752813293483,377.1997264667935,244.74444798024112,465.6135047084004,272.1167864770808,387.3756175171978,145.0327479868838,361.7742996778459,212.98334676993514,191.57711221674532,245.39687271120064,417.0548806075584,196.4395623237843,491.2594493601621,443.25396121111163,220.94352995829826,342.0184285412931,426.8303684066917,105.52196919473597,517.4402120792345,172.2063846431924,473.867442439304,496.91915086443356,343.0439737843021,337.8719215324029,380.49330862438546,363.65909250876337,452.14961797123055,382.0655453812845,410.759531153856,518.7380641441478,270.66461892750476,140.54381848569946,293.6819793321213,175.49812324197634,398.9425100336161,202.09660023587614,451.88305781150694,362.8135523575104,200.61340207893466,416.8334273481277,346.14020579968627,335.14381898438086,447.4672839174825,529.3271835094798,436.2419062733904
42435684,88.05098756217225,162.7747317228626,162.31134596917937,123.42910117171326,62.45086734117817,142.08859160227829,162.0903414782722,587.6284548281794,210.77181770807414,342.4597959701375,67.30855201294439,355.5110276346398,295.5533695063418,240.52872309856244,108.65296467936113,196.49989559919317,0.0,72.84555632419186,131.65559546777828,303.5891906862982,455.4796616284545,59.323584288508165,614.2890605298827,88.29731447803992,507.4883016652868,246.2482895024463,481.88698382593486,252.6346716671535,226.43578491129838,285.04819760841895,486.6278481943249,37.20803082276946,560.8324169469287,532.1172245336679,260.5948548555166,437.15304698123265,564.622815808921,145.17329409195432,595.4170702878894,211.85770954041072,651.331069786953,674.3827782120825,398.021459507701,392.8494072558018,522.6939170232602,409.4463525546686,627.7068656435313,460.3454805429455,489.03946631551696,667.4136199656301,333.75628148086804,180.47481115948443,387.2119118554614,216.02845509060944,560.4783672328542,16.675736544143174,629.3466851591558,482.9262365055994,250.70165545056312,561.8708194478568,442.0789407944585,374.7951438815992,624.9309112651313,687.9978776768019,505.8148738601569
1825841742,150.445608241459,225.16935240214937,224.70596664846607,185.823721851,124.8454880204649,177.7701628505987,224.4849621575589,650.0230755074662,164.46046633807686,404.85441664942425,49.472360236875275,417.9056483139265,357.94799018562844,302.9233437778492,117.24805743311512,252.49251759415586,111.03365912116168,0.0,82.37355631895025,365.98381136558487,517.8742823077413,66.79751482298695,676.6836812091694,74.71950762747844,569.8829223445734,302.24091149740906,544.2816045052216,315.02929234644023,288.83040559058514,347.44281828770573,549.0224688736117,99.6026515020562,623.2270376262154,594.5118452129548,322.9894755348033,499.5476676605194,627.0174364882077,207.56791477124102,657.8116909671762,274.25233021969746,707.3236917819157,730.3754002070452,460.4160801869878,455.2440279350886,585.0885377025469,471.84097323395537,685.6058673138423,522.7401012222322,551.4340869948038,729.8082406449169,396.15090216015477,242.86943183877113,449.6065325347481,278.4230757698962,622.872987912141,79.07035722342991,685.3393071541186,545.3208571848861,313.09627612984985,624.2654401271435,504.4735614737453,437.1897645608859,680.9235332600941,750.3924983560885,568.2094945394437
4347534767,176.69548445022997,158.66980321194578,210.2168901932714,189.4661028356048,125.36904658052424,109.28942002180182,250.7348383663299,621.2290465095167,82.0869100191266,343.62107995643595,69.04720280386199,433.4629318234612,384.1978663943995,288.81467981445905,48.76731460431824,314.6830009254974,150.53768589301876,71.03332050486023,0.0,351.8200777562603,458.22163772706557,90.35216858363819,647.8896522112199,70.00194284591618,534.0399418851798,336.64287804692236,552.7752741480131,253.1098594198123,223.93272741013175,286.2094815947175,487.78913218062337,125.85252771082718,561.9937009332269,533.2785085199664,261.7561388418151,508.0413373033108,595.0928108303928,233.81779098001203,589.9360505786202,241.37689876098932,695.3115197213949,704.66737794889,399.18274349399957,394.01069124210034,593.5822073453384,410.60763654096706,661.3074573248686,463.08745664155657,492.0802090149776,701.0142116469674,415.5653214164817,269.11930804754206,464.7246008681715,304.67295197866713,631.3666575549323,119.33339449622657,693.7974867079389,553.8145268276776,339.3461523386208,595.2433398830887,512.9672311165367,375.9564278678977,689.3817128139143,721.598469358139,506.9761578464553
42430253,216.21451615031964,253.10432984602429,141.4919238097511,190.84738011717496,239.87170090832876,348.5803085536645,190.08514191253875,330.2391062459677,417.2635346594604,52.63113969288704,333.3630041851527,100.92800095582788,56.618428945876026,63.06316566694823,315.1446816307473,257.3767889345647,302.0922580879014,365.5999497789886,339.3886114977616,0.0,167.23169746351658,297.77569381142473,356.89971194767094,294.7890314294261,243.05000162163094,119.27922111685567,227.3039571471229,154.52327784555766,181.60624532496487,118.82572297984257,196.79919191707444,277.4070999057098,271.00376066967806,242.28856825641748,94.65312403643472,182.57002030242077,304.1028705668439,158.55472663202667,325.35437168130363,113.86340052572262,400.18620569134123,423.2379141164708,108.19280323045052,103.0207509785513,268.1108903444482,123.16156437582848,370.3175170613196,172.09751637800753,201.09026875142865,410.0242713834184,79.17325480205614,137.33455106597015,132.62888517664948,87.56343367490123,305.8953405540423,300.55838701500164,378.2018210635442,228.34320982678744,66.20686554917711,304.2533996195396,187.49591411564663,118.10113962661853,373.7860471695197,430.6085290945902,215.98621758290645
42457319,377.5919573337549,309.11533559289074,302.86936499318637,352.22482130061024,401.2491420917641,386.1574282209966,327.04032149076954,180.46357766182447,457.9055783826001,115.71064753381117,494.74044536858804,104.0475199402471,193.57360852410687,224.44060685038352,413.34975723625723,383.19289881351744,441.02870271585584,513.8742590400477,476.5671149558094,161.37744118343528,0.0,459.15313499486,207.1241833635277,456.1664726128614,93.27447303748765,256.2344006950865,130.70694831461475,208.32988198489855,264.1929470292155,172.63232711918332,63.01264029931271,438.78454108914514,137.21720905191637,108.5020166386557,197.08566987208573,115.05645666799401,154.32734198270057,319.9321678154619,191.5678200635419,266.4655776068942,254.5460508737026,277.59775929883216,63.012771865744085,71.28738992049563,167.1706034162235,149.19186551768001,220.5419884771763,22.321987793864274,51.314740167285414,260.2487427992751,136.80527387878448,298.71199224940545,80.67170433525598,248.9408748583365,204.74161639431796,457.704439259999,253.03201786024664,150.37817379703964,227.5843067326124,154.47787103539633,109.53087808589885,150.53391918235977,248.61624396622213,280.83300051044694,82.19966596514467
42440012,86.3433158665918,160.2615592754202,160.6036742735989,121.72142947613278,60.743195645597694,114.75657672150476,160.38266978269172,585.920783132599,181.2806689009447,340.75212427455705,69.76968167485626,353.8033559390594,293.8456978107613,238.82105140298194,79.1618158722317,225.06923348032166,60.18551730938058,75.30668598610373,103.40574573924604,301.8815189907177,453.7719899328741,0.0,612.5813888343023,58.806165670910474,505.78062996970635,246.29070946328426,480.1793121303544,250.92699997157303,224.72811321571794,283.3405259128385,484.92017649874447,35.500359127188986,559.1247452513483,530.4095528380875,258.8871831599361,435.4453752856521,562.9151441133406,143.46562239637385,592.9038978404473,210.15003784483025,653.0615606745727,676.1132690997022,396.31378781212055,391.1417355602213,520.9862453276797,407.73868085908816,625.9991939479509,458.6378088473651,487.33179461993655,665.7059482700496,332.0486097852876,178.76713946390393,385.5042401598809,214.32078339502894,558.7706955372738,28.981225912588386,631.0771760467755,481.2185648100189,248.99398375498265,560.1631477522764,440.37126909887803,373.0874721860187,626.6614021527511,686.2902059812213,504.10720216457645
42440287,521.783271193462,528.8480460075823,447.06067885289355,496.4161351603174,545.4404559514713,574.5888659208799,464.50924235841654,37.422614420021006,624.9929574266662,335.4433579485027,638.9317592282953,248.23883379995428,331.0425293917538,368.6319207100907,620.7134366738899,456.5061863012224,578.4976235835028,651.3431799076947,644.9573665409042,305.56875504314246,220.54123334994173,603.3444488545673,0.0,600.3577864725686,158.63140282288336,393.70332156273344,125.4133327694816,428.0625923995901,483.925657443907,392.3650375338749,242.7701360434767,582.9758549488524,229.9100181414393,177.3438479369089,400.2218790795772,183.0210472167617,97.69343598481503,464.1234816751691,170.6716514146226,419.4321555688651,86.80463777203205,109.8563461971616,282.74548228043557,291.0201003351871,74.52136838678193,349.176372559284,52.800575375505716,213.1488447801238,198.96792011175657,83.47869875912816,280.99658773849166,442.9033061091126,222.16017154529962,393.1321887180437,61.70065315251449,595.173360127646,85.2906047585761,127.903982384124,371.7756205923196,77.36420226650145,172.37084891525268,363.5895090243557,80.8748308645516,104.06295647030001,188.57965204534474
42430378,146.22225440209462,159.50389804583742,211.05098502716302,181.60036801163562,120.62213418110055,110.12351485569346,220.26160831819456,622.0631413434083,122.47450323003422,344.45517479032753,38.57397275572665,413.6822944745622,353.7246363462641,289.6487746483507,49.60140943820987,284.20977087736213,120.06445584488341,70.81091834956247,44.59958006833557,352.654172590152,459.0557325609572,59.87893853550285,648.7237470451116,0.0,534.8740367190715,306.16964799878707,540.0582506658573,253.94395425370394,224.76682224402336,287.043576428609,488.623227014515,95.37929766269184,562.8277957671188,534.112603353858,262.59023367570666,495.324313821155,595.9269056642844,203.34456093187669,591.1970257872886,242.21099359488093,696.1456145552867,705.9283531575583,400.0168383278911,394.84478607599186,580.8651838631826,411.44173137485865,662.1415521587603,463.9215514754482,492.91430384886934,701.848306480859,391.92754832079044,238.64607799940674,445.3831786953838,274.19972193053184,618.6496340727766,88.86016444809124,690.9561145822784,541.0975033455218,308.87292229048546,596.0774347169803,500.2502076343809,376.7905227017893,686.5403406882539,722.4325641920308,507.810252680347
5706569898,433.89166634205884,390.43507671044074,359.1690740014903,408.52453030891417,457.548851100068,467.4771693385466,383.34003049907346,110.07798856462009,539.22531950015,197.0303886513611,551.040154376892,160.34722894855108,249.8733175324108,280.7403158586875,494.66949835380717,397.48925131614914,497.3284117241598,570.1739680483516,557.065761689501,217.6771501917392,89.62764033091352,515.4528440031639,136.7385942663233,512.4661816211653,0.0,312.53410970339047,61.84391390303823,289.64962310244846,345.5126881467654,253.95206823673334,127.6847354727395,495.08425009744906,128.87405985733133,65.88062938640141,278.4054109896357,95.12944236535847,61.05286894521291,376.23187682376584,130.0645945620367,331.5405507174618,184.16046177649824,207.21217020162777,144.33251298329404,152.60713103804557,97.85829207056923,230.51160663522995,150.15639937997193,80.48578098448017,54.36168161886194,170.88166556126484,193.10498288708843,355.0117012577094,134.26856669389636,305.2405838666405,134.3560272971136,514.004148268303,182.64642876304228,94.94863596418982,283.88401574091637,85.16555968974204,84.47924406384945,231.8536602999097,178.23065486901777,191.46592327243667,73.85651677055968
42427427,159.37573537004738,229.80552322271527,119.90572866392598,167.54857349386597,216.5728942850198,325.2815019303555,70.80592079568305,403.52859854365056,393.9647280361514,169.88376629814096,252.10285403371375,171.41117135011086,111.45351322181283,56.4288668140335,291.84587500743834,144.17727806028844,184.79430202076932,257.63985834496117,316.0898048744526,119.48933440176926,271.37980534392557,244.11788630927748,430.18920424535366,271.4902248061171,323.3884453807579,0.0,297.78712754140594,133.05416750664025,160.02005017913973,112.47216793642238,309.12155106658844,195.81300065282068,383.3261198191921,354.6109274059314,88.01882518352,253.05319069670372,380.52295952439226,102.88628260245028,437.67673083081763,92.27720537989748,470.1048588831565,493.15656730828607,222.0357800531365,216.8637278012373,338.5940607387313,236.87032288267199,443.6070093590023,276.2456242584165,304.93961003098804,483.3137636811011,149.65642519633911,52.50203215044607,203.11205557093245,31.928598806080494,376.3785109483253,201.4700385649125,448.1204742553594,298.82638022107045,66.60179916603417,377.77096316332785,257.9790845099296,202.21911420960265,443.7047003613349,503.89802139227294,328.3085767324204
42430126,396.36993842398044,410.0979256634496,321.64734608341195,371.00280239083577,420.02712318198957,494.3211857381085,345.8183025809952,125.99492758588539,566.0693358997119,216.69323760437004,513.5184264588136,122.8255010304727,212.35158961433243,243.2185879406091,495.30010390440816,359.96752339807074,459.8066838060814,532.6522401302732,519.5440337714225,180.15542227366086,109.93104710856385,477.93111608508553,152.6555332875886,474.94445370308694,48.02121658150553,275.0123817853121,0.0,309.31247205545736,361.76166759862576,273.61491718974224,155.48751852850322,457.56252217937066,169.10471958041745,106.11128910948753,274.80854631009555,57.60771444728011,101.48649845994954,338.7101489056875,176.98931691745005,294.01882279938343,200.07740079776352,223.1291092228931,172.13529603905775,167.77299592794714,97.19458856377223,258.3143896909937,166.0733384012372,102.53865853874596,88.35773387037872,205.780092723336,155.58325496901006,317.489973339631,96.74683877581802,267.7188559485621,134.97903877336626,476.4824203502246,198.5633677843076,57.42690804611146,246.36228782283797,100.00922095945725,46.95751614577107,258.6976766994716,194.14759389028308,226.3643504345078,114.08717649364581
42446266,173.2046357908632,100.78545360799227,98.48204345029468,147.83749975771852,195.78854301714276,198.43699005943554,147.61293291176133,391.95172854141856,270.1851402210389,114.34376198833787,289.2798462939667,248.46164658487837,209.5187067055065,105.65082599132244,205.08048535395255,220.98429017636667,258.0091001967154,321.5167918878026,268.2978430735048,166.9749016812249,228.94431975896745,253.6925359202387,418.6123342431218,250.7058735382401,304.7626239170818,162.06247531481938,342.19509919420886,0.0,55.92367514691082,51.772934172775884,247.60451635208133,233.32394201452377,321.809085104685,293.09389269142434,74.38027806929159,323.0400520647279,365.8154928622947,115.65863691968875,376.15969611631056,58.213044937852686,466.03420175329677,489.08591017842633,169.90542552590136,164.73337327400216,378.65875429581763,164.92391459438133,432.0301393567704,233.8101386734584,262.8028910468795,469.1745381005083,230.56403617789883,94.72855396165158,279.7233156295886,130.0925492465641,416.2297672739121,256.47522912381555,464.5201687398408,361.8663246766338,164.66699264972783,365.96602191499045,321.019028965493,130.53115172109466,460.10439484581633,489.7587958116801,266.79154201791334
4597668020,146.28077610543136,73.76672178047946,71.55818376486285,120.91364007228667,168.86468333171092,171.41825823192272,120.77659744885514,404.85975271129723,243.16640839352613,127.25178615821649,262.35598660853486,261.36967075475707,222.35732440812012,118.48944369393607,178.15662566852075,194.21820483682387,231.08524051128353,294.5929322023707,241.37398338807293,179.88292585110352,241.8523439288461,226.7686762348069,431.52035841300045,223.78201385280823,317.67064808696045,174.901093017433,355.10312336408754,29.17713200968058,0.0,64.68095834265452,271.41983838240395,206.40008232909196,345.6244071350076,316.90921472174693,87.28830223917024,335.9480762346065,378.72351703217333,100.56808605288168,386.32597844108693,71.05166264046632,478.94222592317544,501.0573058113566,182.81344969577998,177.64139744388078,391.5667784656963,193.9875046626791,444.9381635266491,246.71816284333704,275.71091521675817,484.6449178487478,243.47206034777744,107.56717166426522,292.6313397994673,142.93116694917776,429.1377914437907,229.55136943838377,477.4281929097195,374.77434884651245,177.50561035234145,378.8740460848691,333.92705313537164,159.58713406967823,473.012419015695,505.22917555991967,290.60686404823593
42448693,208.8415805539845,136.4830084737074,134.11898821341597,183.47444452083982,231.425487780264,234.1345449251507,183.16200542802187,342.0247932250294,305.88269508675404,64.41682667194866,324.91679105708806,198.53471126848916,159.91118183657298,56.04330112238887,240.7174301170739,256.53336269262724,293.64604495983673,357.15373665092386,303.93478783662607,117.04796636483567,179.01738444257825,289.32948068336,368.6853989267326,286.3428183013614,254.83568860069258,112.51349519859713,292.2681638778197,35.69755486571515,91.56061991003212,0.0,208.58487889613605,268.9608867776451,282.7894476487397,254.0742552354791,24.45334275290238,273.1131167483387,315.8885575459055,151.29558168281002,337.1400586603653,93.83325048771081,416.1072664369076,439.15897486203716,119.97849020951215,114.80643795761293,328.73181897942845,129.352958162063,382.10320404038123,183.8832033570692,212.87595573049032,421.80995836247996,180.63710086150965,130.31468652141078,229.7963803131994,80.54356913034187,366.30283195752287,292.1121738869369,414.59323342345164,311.9393893602446,115.05946778079432,316.0390865986013,271.09209364910373,94.90658223600167,410.17745952942715,442.3942160736518,227.77190456196806
42451665,398.28095821245654,325.9223861321795,323.558365871888,372.91382217931186,420.86486543873605,388.9985100416264,364.93838281095145,225.94774240057814,460.74666020322974,132.51769807309984,514.35616871556,141.94558126042898,231.47166984428873,245.23051599889197,430.15680777554593,428.6770635522711,478.92676403603775,546.5931143093959,493.37416549509817,185.14883776598688,45.48416473875368,478.76885834183196,246.622317189726,475.7821959598334,123.50992328297056,294.1324620152684,176.19111305336844,225.1369325241872,280.99999756850417,189.439377658472,0.0,458.4002644361171,92.37493959024196,65.71845389529386,213.8927204113744,160.54062140674765,184.56279222818344,340.7220769639704,148.22536873278298,283.27262814618285,300.03021561245635,300.0105641661566,91.46385204928113,99.73847010403267,212.65476815497718,124.22522810849644,266.02615321593,67.80615253261794,91.25707567904394,257.66170083588315,174.70333519896636,319.5019013979139,126.15586907400966,269.730784006845,250.22578113307162,481.55155154540887,298.5161825990004,195.8623385357933,248.37421588112085,199.96203577415,155.01504282465248,153.3750010029894,294.1004087049759,278.245958547055,54.50378926419745
42439996,50.84295673940279,125.83380603441134,125.10331514640991,86.2210703489438,25.24283651840871,133.95144416374444,124.88231065550275,550.4204240054099,202.63467026954027,305.251765147368,118.7341397952327,318.30299681187034,258.3453386835723,203.320692275793,100.51581724082726,192.00235298584425,52.984534027441164,125.83009035163303,124.75974710784163,266.38115986352875,418.27163080568505,83.14682942150468,577.0810297071133,80.16016703950605,470.28027084251727,210.79035033609526,444.6789530031654,215.42664084438405,189.22775408852894,247.84016678564953,449.4198173715555,0.0,523.6243861241592,494.9091937108985,223.38682403274714,399.94501615846315,527.4147849861516,107.96526326918486,558.6322312852182,174.64967871764128,617.5612015473837,640.6129099725132,360.8134286849316,355.64137643303235,485.48588620049077,372.23832173189913,590.4988348207619,423.13744972017605,451.8314354927475,630.2055891428606,296.5482506580986,143.26678033671493,350.00388103269194,178.82042426784,523.2703364100847,69.66027057158433,595.5768169195866,445.71820568282993,213.49362462779368,524.6627886250873,404.87090997168906,337.58711305882974,591.1610430255621,650.7898468540324,468.6068430373874
42429782,471.01043538570434,398.6518633054273,396.2878430451359,445.64329935255967,493.594342611984,442.4240037540063,437.6678599841993,232.6645567854685,492.8280952597925,205.24717524634772,587.085645888808,214.67505843367684,304.2011470175366,317.95999317213983,502.8566323218131,497.7115996108356,551.6562412092856,617.1624434554559,546.1291229505957,257.87831493923477,120.6994549168506,551.4983355150799,232.18505024421393,548.5116731330813,122.5865682208484,366.8619391885162,184.4304821238866,297.866409697435,353.7294747417521,262.1688548317199,75.66779140118037,531.129741609365,0.0,64.67789599297055,286.62219758462226,169.7080534417881,183.63943716606133,413.4515541372183,99.15113749677889,356.00210531943077,305.7910405860954,285.57329722064446,164.19332922252894,172.46794727728047,220.44486029141763,157.21013814342336,272.7429676008203,114.00913227129318,90.33372061692178,243.22443389037102,247.43281237221422,392.23137857116177,196.46432653132848,342.46026118009286,256.942595517962,554.2810287186568,305.2329969838907,204.84262420313786,321.10369305436876,207.75212791059045,163.99532849199704,192.32377990977483,300.8172230898663,263.8086916015429,53.58043420207529
42452067,447.29622850260535,374.9376564223283,372.5736361620369,421.92909246946067,469.8801357288849,438.0137803317752,413.9536531011003,181.00023862931198,509.7619304933786,181.53296836324873,563.3714390057089,190.96085155057784,280.48694013443765,294.24578628904084,479.1720780656948,464.2941654540092,527.9420343261867,595.6083845995447,542.389435785247,234.16410805613577,93.75838181077712,527.7841286319808,180.90386329443214,524.7974662499823,70.92225006469191,343.1477323054172,132.7661639677301,274.152202814336,330.01526785865303,238.45464794862087,65.42628810656782,507.415534726266,64.7736903583626,0.0,262.90799070152326,130.31692322415353,131.9751190099048,389.7373472541193,83.0658034248862,332.2878984363317,254.50985363631364,234.29211027086276,140.47912233943,148.75374039418153,168.7805421352611,174.42578039939414,221.07864944466382,87.05083173162498,61.756896936169326,191.94324694058926,223.71860548911522,368.5171716880628,169.45604755269144,318.74605429699386,205.27827736180546,530.5668218355578,253.5686788277342,161.75355010204987,297.38948617126977,156.08780975443392,124.60419827436246,202.39027129313823,249.1529049337097,212.52750465176112,27.380414314127236
42428201,184.74130885285788,159.43583860626586,110.01871651228937,159.3741728197132,208.39849361086698,256.02696164021495,158.70866267511948,359.4729076677017,327.1388591231085,81.86494111462095,301.88979688769103,176.23821037848862,135.4578390836706,31.58995836948649,236.17908430355862,232.08001993972485,270.61905079043964,334.1267424815269,299.3964420231108,94.59535631128779,196.46549888525053,266.302486513963,386.13351336940485,263.3158241319644,272.28380304336486,88.06015244569474,295.5505527030404,59.94941764747919,87.02227409651685,24.45334275290238,226.03299333880835,245.933892608248,300.237562091412,271.5223696781514,0.0,250.81661585833822,333.33667198857785,127.08151933456493,354.58817310303755,82.39019322826088,433.5553808795799,456.60708930470946,137.42660465218444,132.2545524002852,336.35748590036576,148.851497699152,399.55131848305354,201.33131779974147,230.3240701731626,439.2580728051523,158.3405999715091,105.8613437685084,207.49987942319885,56.09022637743949,374.14193610995983,269.0851797175399,432.04134786612394,296.5898053827049,90.60612502789193,333.4872010412736,255.74250967156405,114.20028902608266,427.62557397209946,459.84233051632407,245.22001900464036
42430160,338.7622239767003,375.652037672405,264.03963163613184,313.3950879435556,362.4194087347095,467.04105627530396,288.210588133715,193.20311633278763,538.7892064369073,175.1788475192678,455.9107120115335,65.21778658319258,154.74387516705232,185.61087349332894,437.69238945712806,339.0502533548189,402.1989693588013,475.0445256829932,461.9363193241424,122.54770782638076,83.32023133270236,420.32340163780543,219.86372203449082,417.33673925580683,113.06296316989491,217.404667338032,87.461645330543,277.07098567193844,304.15395315134566,241.3734308062233,128.87670275264176,399.95480773209056,203.0812715052454,154.14763056851157,217.20083186281542,0.0,170.19747731352936,281.1024344584074,237.21343399339779,236.41110835210338,267.2855895446658,290.3372979697954,145.5244802631963,140.49286646514253,128.26857852786827,231.70357391513227,233.28152714813947,88.18605024719334,116.42620378782411,272.98828147023823,97.97554052172993,259.8822588923509,39.13912432853791,210.11114150128194,166.0530287374623,418.87470590294447,253.20966832597432,88.50089801020752,188.7545733755578,167.44548095246495,47.65360229906669,231.41754723666696,248.7938944319498,293.5725391814101,148.06372841847374
9121386334,493.59896258898647,442.39123749462584,418.87637024841786,468.2318265558417,517.2561473469956,519.4333301227317,441.24357564578276,50.92597633852105,591.1814802843353,248.98654943554632,610.7474506238195,220.05452519547865,307.77686267912003,340.447612105615,546.6256591379924,440.2226570163104,555.231956870869,628.0775131950609,609.8430168575446,277.3844464386668,141.58380111509865,575.1601402500916,77.58658204022427,572.173477868093,64.40741735991794,370.4376548500997,97.22902416500595,341.6057838866336,397.4688489309505,305.90822902091844,179.6408962569246,554.7915463443767,176.4158350201387,117.83679017058657,330.3615717738208,154.83673861228604,0.0,435.9391730706934,127.05473120009334,391.2478469643894,125.00844955039922,148.06015797552877,196.2886737674792,204.56329182223072,46.337059782306284,282.46776741941517,91.0043871538729,132.44194176866532,106.3178424030471,111.72965333516582,252.812279134016,414.71899750463695,193.975862940824,364.94788011356803,75.20401507101454,571.9076934150122,123.49441653694328,99.71967377964839,343.59131198784394,33.5699767625062,144.18654031077705,283.8098210840948,119.07864264291878,132.31391104633767,125.81267755474484
4461990857,121.36401634796962,158.2538300436743,46.64142400740113,95.99688031482495,145.02120110597878,253.7298087513145,60.232478720014555,442.455160736225,322.4130348571104,197.2865018781832,238.51250438280277,210.33773354268547,150.38007541438745,95.35542900660812,220.29418182839737,133.60383598461993,174.22085994510087,247.0664162692927,244.53811169541166,158.41589659434388,310.3063675365002,202.92519400907474,469.1157664379283,199.93853162707612,362.3150075733325,102.82508706691036,336.7136897339805,107.46137757519917,86.7557455226149,139.87490351646466,341.45455410237065,182.55660010335978,415.65912285497427,386.94393044171363,115.42156076356227,291.9797528892783,419.44952171696684,0.0,468.9477672551522,66.6844154484564,509.59593827819884,532.6476467033284,252.84816541574668,247.67611316384748,377.52062293130587,264.2730584627143,482.5335715515769,315.17218645099115,343.86617222356267,522.2403258736757,188.58298738891372,35.30151706753007,242.03861776350706,70.85516099865511,415.3050731408998,190.89659648924405,487.61155365040173,337.7529424136451,105.52836135860878,416.6975253559024,296.9056467025042,229.62184978964495,483.19577975637725,542.8245835848475,360.6415797682026
42435923,513.2494150369995,446.9864286369103,444.62240837661886,493.9778646840427,519.8348207792604,467.33064248701436,486.00242531568233,187.80106327482093,517.7347339928007,253.58174057783071,612.8312333754818,263.0096237651599,352.5357123490196,366.29455850362285,527.7632710548212,527.4572935002286,581.5604872782305,642.069082188464,571.0357616836038,306.21288027071773,166.55336243439118,577.2439230017538,186.36306308687386,574.2572606197552,129.96804218407948,415.1965045199993,174.5058671946497,346.20097502891804,402.06404007323505,310.5034201632029,124.00235673266337,556.875329096039,61.404466220263544,72.79498062361408,334.9567629161053,203.1119038477676,138.77594365541373,461.7861194687013,0.0,404.33667065091373,259.96905342875533,239.7513100633045,212.52789455401202,220.80251260876355,175.95364430654047,205.54470347490638,227.87947409017278,159.84581235523902,134.5518775597834,197.402446733031,295.76737770369726,440.56594390264485,242.2510281763055,390.7948265115759,212.07910200731442,580.0266162053307,260.36950347324307,186.08054779325724,369.4382583858517,163.2609119257133,197.3991788979765,240.65834524125785,255.9537295792186,217.98670444420281,100.17539493774132
42428223,150.1552892796139,140.26338308552943,75.4326969390454,124.78815324646922,173.81247403762308,236.85450611947857,124.12264310187548,408.21005298280755,307.96640360237205,130.60208642972682,267.3037773144471,218.0781574647327,158.1204993364347,75.79568628774989,217.0066287828222,197.49400036648086,236.03303121719568,299.5407229082829,273.32938462705596,138.80108422955118,245.20264420035636,231.71646694071904,434.8706586845107,228.7298045587204,321.0209483584708,110.56551098895764,339.75628062130386,40.776962126742774,67.84981857578043,73.19048806800824,274.77013865391416,211.34787303500408,348.9747074065179,320.2595149932572,48.737145315105856,295.0223437766016,382.0738173036837,92.49549976132096,403.3253184181434,0.0,482.2925261946857,505.34423461981527,186.16374996729027,180.99169771539107,380.5632138186291,197.58864301425785,448.28846379815934,250.0684631148473,279.0612154882685,487.99521812025813,196.32341131096098,71.27532419526443,249.77904168555432,78.5955849207024,418.34766402822316,234.49916014429593,480.7784931812297,340.7955333009684,113.26878528065606,382.22434635637944,299.9482375898275,162.93743434118852,476.3627192872052,508.57947583143,293.9571643197462
588546891,579.548517467327,586.6132922814472,504.82592512675836,554.1813814341823,603.2057022253362,619.3067908299,496.0978614070132,95.18786069388582,669.710882335686,393.20860422236757,677.3947946450439,306.0040800738191,362.6311484403505,426.3971669839555,678.4786829477547,488.09480534981907,610.0862426320996,682.9317989562913,702.722612814769,363.33400131700733,278.3064796238065,661.1096951284321,101.44270022261533,658.1230327464334,216.39664909674823,425.2919406113301,183.1785790433464,485.8278386734549,541.6909037177719,450.1302838077397,316.44315612292036,621.104941264151,303.58303822088294,251.01686801635253,457.987125353442,240.78629349062652,155.45868225867986,521.888727949034,244.34467149406623,477.1974018427299,0.0,23.051708425129547,340.51072855430044,348.785346609052,132.28661466064676,422.84939263872764,48.049423528458135,270.9140910539886,256.7331663856214,76.10694091995721,334.1757552292575,477.7939727617762,279.92541781916447,442.2539951912303,119.46589942637931,626.7619791762428,30.73522187028823,185.66922865798887,407.62263381203724,135.12944854036627,230.1360951891175,428.0318758709161,34.589924833342934,62.85351710332354,262.2526721247884
279151954,602.6002258924565,591.7272938986054,527.8776335518879,577.2330898593118,626.2574106504658,601.224170495516,519.1495698321428,118.23956911901537,651.6282620013021,398.32260583952575,700.4465030701734,329.0557884989487,385.68285686548006,449.4488754090851,661.6567990633226,511.14651377494863,633.1379510572291,705.983507381421,704.9292896921052,386.38570974213684,300.12037107863324,684.1614035535615,110.11427216304044,681.1747411715629,229.20167281949855,448.3436490364597,206.23028746847595,490.94184029061313,546.80490533493,455.244285424898,298.3605357885363,644.1566496892805,285.5004178864989,232.9342476819685,479.69762817780037,263.83800191575614,178.51039068380936,544.9404363741635,226.26205115968222,500.2491102678594,23.051708425129547,0.0,354.1987332857146,362.47335134046614,155.3383230857763,404.76677230434365,71.10113195358768,293.17690154951947,267.5821207629927,70.34695899358186,357.22746365438695,500.8456811869057,302.977126244294,465.3057036163598,142.51760785150887,649.8136876013723,53.786930295417775,208.72093708311843,430.67434223716674,158.1811569654958,253.18780361424706,419.17990876941525,57.64163325847248,57.093535176948194,244.17005179040433
42445543,318.4611358074238,246.10256372714667,243.73854346685525,293.09399977427904,341.0450430337033,323.14465635525255,287.59363079343035,258.28762505307475,394.892806516856,52.69787566806709,434.5363463105273,126.25257690389903,154.1269178267677,165.41069359385924,350.33698537051316,354.76222441310586,401.5820120185167,466.77329190436313,413.5543430900653,105.32901536095412,93.479186469589,398.94903593679925,284.94823075477797,395.96237355480065,171.09852042873797,216.78770999774738,208.53099570586505,145.31711011915442,201.18017516347138,109.61955525343929,89.6790592561532,378.5804420310843,163.8836280087569,135.16843559549616,134.07289800634166,192.77242573681596,232.15138937395085,260.9022545589376,218.2342390203824,203.4528057411501,332.37009826495296,353.5979443348536,0.0,31.069269785658328,244.99465080747382,86.17909365193596,298.3660358684266,100.14603518511457,129.1387875585357,311.24908100458015,108.3549664969195,239.68207899288115,157.51424594860922,189.91096160181223,282.56566378556823,401.73172914037616,330.85606525149694,228.2022211882899,168.5543934760881,232.30191842664664,187.35492547714912,87.52114731661564,326.4402913574726,331.83333871575195,108.86608492198518
42428471,332.4466289603238,260.08805688004674,257.7240366197553,307.0794929271791,355.03053618660346,337.1301495081526,296.6979766037484,227.21835526741643,408.8782996697561,66.68336882096713,448.52183946342734,100.5201897234882,163.23126363708568,179.39618674675927,364.3224785234132,363.8665702234239,410.6863578288347,480.75878505726314,427.5398362429654,119.31450851385415,64.21094648496526,412.93452908969925,253.87896096911967,409.94786670770065,140.02925064307962,225.89205580806535,177.4617259202067,159.30260327205448,215.1656683163714,123.60504840633934,95.65516029693835,392.5659351839844,169.859729049542,141.14453663628132,148.05839115924172,161.70315595115764,201.08211958829253,274.88774771183773,224.21034006116756,217.43829889405012,301.30082847929464,324.3525369044242,13.98549315290004,0.0,213.9253810218155,100.16458680483602,267.29676608276833,69.07676539945624,98.06951777287739,307.00352040486706,106.46292899176329,253.6675721457812,127.31840361841961,203.89645475471227,251.49639399990994,415.71722229327617,299.7867954658387,197.13295140263162,182.53988662898814,201.2326486409883,156.2856556914908,101.50664046951567,295.3710215718142,327.5877781160389,114.84218596277033
42431614,470.4268949909533,477.4916698050736,395.70430265038476,445.05975895780864,494.0840797489625,554.5337624331796,401.88865329119824,64.93453780491934,626.281912594783,284.086981745994,583.1855865292289,196.88245759744552,268.42194032453557,317.27554450758197,569.3570604713811,393.8855972340041,515.8770345162844,588.7225908404763,593.6009903383956,254.21237884063373,169.18485714743298,551.9880726520585,91.59514350662256,549.00141027006,107.27502662037465,331.0827324955152,74.05695656697287,376.70621619708135,432.56928124139836,341.00866133136617,214.74132856737236,526.8957331483358,222.752894802445,164.17384995289282,348.8655028770685,131.66467101425297,46.337059782306284,412.7671054726603,173.39179098239967,368.07577936635636,139.01701101679754,162.06871944192707,231.38910607792693,239.66372413267845,0.0,317.56819972986295,105.01294862027119,161.79246857761507,147.61154390924784,144.71970294236993,229.6402115359829,383.58476464596123,170.80379534279086,341.775812515535,37.78445020959405,532.5527710604276,128.21307350364765,76.5476061816153,313.4134256962223,39.17690242459666,121.01447271274395,318.91025339454256,123.79729960962318,165.30396065354176,172.14973733705114
42440743,336.2936848222981,263.93511274202103,261.5710924817296,310.9265487891534,358.8775920485777,307.52703859519914,310.3619469143665,335.88767810808207,366.64493442366194,70.53042468294143,452.3688953254016,204.56938869963562,179.7799933217045,183.24324260873357,367.959667163006,380.5383533103931,421.09814922815036,484.6058409192375,419.9459621144651,123.16156437582848,155.42410044625765,416.7815849516736,358.2903745598143,413.79492256967495,235.17798065305885,239.6824265421185,286.13104876087243,163.14965913402878,219.01272417834574,127.45210426831365,126.84261438142981,396.41299104595873,183.08563997195785,177.38651126538215,151.905447021216,270.4805571142516,296.2308495982718,278.73480357381203,259.8934261028713,221.28535475602445,409.97015131996034,411.6786215362449,114.95835322708595,109.78630097518673,322.5947038624811,0.0,375.966088923434,177.7460882401219,202.92513304913226,369.3297582059714,186.67177829265611,257.5146280077555,235.83105774434583,207.74351061668656,360.16571684057556,419.5642781552505,408.4561183065044,305.80227424329735,186.38694249096244,309.90197148165396,264.9549785321565,35.11364176635145,404.0403444124799,389.9140159171433,166.17184663428574
42428368,585.2068328105111,592.2716076246313,510.48424046994245,559.8396967773664,608.8640175685202,642.1459478158561,527.9328039754654,100.84617603706988,692.5500393216422,398.86691956555165,702.3553208453442,311.6623954170032,394.4660910088027,432.0554823271396,684.1369982909388,519.9297479182712,641.9211852005517,714.7667415247435,708.3809281579531,368.99231666019136,283.9647949669906,666.7680104716162,107.1010155657994,663.7813480896175,222.0549644399323,457.12688317978234,188.83689438653047,491.486154016639,547.349219060956,455.7885991509238,329.52126638693,646.3994165659013,326.4221952068391,273.8560250023087,463.6454406966261,246.4446088338106,161.1169976018639,527.5470432922181,267.1838284800224,482.855717185914,34.00406239652632,57.05577082165587,346.1690438974845,354.4436619522361,137.94493000383082,432.3481375494205,0.0,276.5724063971727,262.39148172880545,90.4309893548829,344.42014935554056,506.3268677261615,285.5837331623485,456.5557503350926,125.12421476956337,658.5969217446949,36.3935372134723,191.32754400117292,435.19918220936853,140.78776388355033,235.79441053230158,433.6901912141002,40.248240176527005,77.17756553824923,285.09182911074447
42428444,382.0782939081978,358.2880812242175,307.3557015676292,356.71115787505306,405.7354786662069,435.33017385232336,331.5266580652124,158.14158986796022,507.0783240139268,164.8833931651379,499.22678194303086,108.53385651468999,198.05994509854972,228.9269434248264,462.522502867584,383.70246733954235,445.5150392902988,518.3605956144905,505.25238925563986,165.86377775787818,49.981268566576844,463.6394715693029,184.8021955696634,460.6528091873043,70.95248524362339,260.7207372695294,108.38496052075048,257.5026276162252,313.3656926605422,221.80507275051005,95.53773998651626,443.27087766358795,119.42924022365192,90.71404781039126,246.25841550341246,93.17862998282398,132.00535418883626,324.41850438990474,173.77985123527748,279.7271782836007,232.22406307983834,255.27577150496788,112.1855174970708,120.46013555182233,144.84861562235926,198.36461114900675,198.22000068331207,0.0,28.99275237342114,237.92675500541083,141.29161045322735,303.19832882384827,82.45519426003534,253.4272114327794,182.4196286004537,462.1907758344419,230.7100300663824,128.3841092373276,232.07064330705526,132.15588324153208,87.53681352618678,199.70666481368644,226.29425617235788,258.5110127165826,64.41169713688028
42442247,408.202393273816,336.0733950915788,333.4798009332475,382.83525724067135,431.0158743981354,413.11548771968467,357.6507574308307,156.5331910942147,484.8636378812881,142.6687070324992,524.5071776749594,134.65795588030824,224.18404446416795,255.05104279044463,440.3078167349452,409.82656670516064,471.6391386559169,544.4846949801088,503.5251744544974,191.9878771234964,35.26595871205158,488.9198673012313,183.1937967959179,485.9332049192327,46.455202529594594,286.8448366351476,108.29911643263283,235.28794148358654,291.1510065279035,199.59038661787136,73.32305385387757,468.55127339551643,90.43648785023079,61.721295436970145,224.04372937077375,93.57668775053432,107.5080714748075,350.54260375552303,144.78709886185635,293.4236371055822,230.61566430609287,253.6673727312224,89.97083136443212,98.24544941918364,144.3134946001638,176.14992501636803,196.61160190956656,26.12409936561823,0.0,217.33686809085947,167.41570981884558,329.32242818946656,108.57929362565356,279.55131079839765,180.81122982670817,488.31487520006004,229.1016312926369,128.71125851188407,258.1947426726735,131.62076221933665,87.86396280074324,177.49197868104778,224.6858573986124,237.92112580203127,35.418944763459145
42429840,557.8520416015441,552.9981872488815,483.12944926097555,532.4849055683994,581.5092263595534,591.4501590162159,500.57801276649855,73.491384828103,641.854250522002,359.59349918980206,675.0005296363772,284.3076042080363,367.1112997998359,404.7006911181727,651.8827875840225,492.57495670930444,614.5663939915848,687.4119503157766,681.0261369489862,341.6375254512244,256.6100037580237,639.4132192626492,39.767313169458575,636.4265568806507,190.47256616977484,429.77209197081544,161.48210317756357,452.21273364088944,508.0757986852064,416.5151787751742,259.63142913881256,619.0446253569344,246.77131123677515,194.20514103224474,436.29064948765915,219.08981762484368,133.76220639289699,500.1922520832511,187.53294450995847,455.5009259769471,65.80377639004104,88.85548481517058,315.4696266359909,323.74424469074245,110.59013879486392,366.0376656546199,31.799713993514708,249.2176151882058,228.85301411326898,0.0,317.06535814657366,478.97207651719464,258.2289419533816,429.2009591261257,97.76942356059648,631.242130535728,68.19325120698701,163.97275279220605,407.84439100040163,113.43297267458344,208.43961932333465,380.45080211969156,70.97171216872482,68.14600500552753,205.4409451406806
42430805,295.29918354727954,332.1889972429842,220.57659120671102,269.93204751413487,318.95636830528866,427.66497595062447,244.74754770429422,253.87217334731142,496.34820205642023,131.71580708984695,412.44767158211266,21.754746153771745,111.28083473763151,142.14783306390817,394.2293490277072,299.29589751566147,358.73592892938046,431.58148525357234,418.4732788947216,79.08466739695993,121.72338014758647,376.8603612083846,280.5327790490146,373.873698826386,173.73202018441867,173.94162690861117,148.13070234506677,233.60794524251762,260.6909127219248,197.91039037680247,159.90324596540205,356.4917673026697,234.10781471800573,205.3926223047451,173.73779143339465,103.3967655003646,230.8665343280531,237.63939402898657,288.45842572963124,192.94806792268255,321.0129508892851,344.06465931441466,110.23085967494059,105.05880742304137,188.93763554239206,196.40995332687655,293.95058416266323,126.58919906207744,155.28318483464898,333.657338484762,0.0,216.41921846293008,53.45563037459334,166.64810107186116,226.7220857519861,375.4116654735236,299.028566261488,149.1699550247313,145.29153294613704,228.11453796698873,108.32265931359049,195.9834881945658,294.6127923674635,354.2415961959339,179.09027163123406
42438547,142.1320283564121,179.02184205211677,67.40943601584357,116.76489232326739,165.78921311442122,274.49782075975696,81.08070211229814,407.15364366869505,343.1810468655528,170.37763672114403,259.2805163912452,175.03621647515536,115.07855834685738,60.053911939078034,241.06219383683978,154.45205937690352,195.06908333738443,267.9146396615763,265.30612370385415,123.1143795268138,275.0048504689701,223.69320601751718,433.8142493703983,220.70654363551853,327.01349050580245,67.52356999938029,301.4121726664505,80.55787485855784,107.52375753105733,112.96603835942545,312.746596191633,203.32461211180225,386.95116494423667,358.235972530976,88.5126956065231,256.6782358217482,384.1480046494368,84.47223883811913,441.3017759558621,39.78091273181508,474.2944212106687,497.34612963579826,225.66082517818103,220.48877292628183,342.2191058637757,237.3641933056751,447.23205448404684,279.8706693834611,308.5646551560326,486.9388088061457,153.28147032138364,0.0,206.73710069597698,35.55364393112503,380.0035560733698,211.7448198815276,452.3100365828716,302.451425346115,70.2268442910787,381.3960082883724,261.6041296349741,202.71298463260575,447.8942626888471,507.5230665173175,331.9336218574649
42448563,348.68250092747803,385.57231462318276,273.9599085869096,323.31536489433336,372.33968568548715,476.96133322608165,273.1871238229754,200.41654297271808,548.7094833876849,185.09912447004552,454.48405706100607,75.13806353397028,139.7204108563127,195.5311504441067,447.6126664079058,302.52119447826146,387.1755050480617,460.0210613722536,471.8565962749201,132.46798477715848,93.24050828348008,430.2436785885832,227.0771486744213,427.2570162065846,120.27638980982535,202.3812030272924,94.67507197047344,286.99126262271614,314.07423010212335,251.293707757001,138.79697970341948,398.19420368011305,213.00154845602313,161.36105720844202,227.12110881359317,49.94113512577125,177.41090395345978,291.02271140918515,244.4268606333282,246.33138530288113,267.5573205146917,290.60902893982126,155.44475721397404,150.41314341592025,135.48200516779875,241.62385086591,240.49495378806995,98.10632719797105,126.34648073860183,280.2017081101687,107.89581747250764,254.88323517773844,0.0,219.34325760719253,173.26645537739276,403.8512415922049,245.57293588689464,95.71432465013795,184.7118962279995,174.6589075923954,54.86702893899713,241.33782418744468,241.1571619928701,300.78596582134054,157.98400536925146
42437890,177.65161849132443,214.54143218702902,102.92902615075589,152.28448245817975,201.30880324933355,310.0174108946693,102.7758468639383,371.59999973757,378.7006370004652,137.95516749206044,284.07278010196904,139.48257254403035,79.52491441573233,24.500268007953004,276.5817839717521,176.14720412854368,216.7642280890246,289.60978441321646,300.8257138387664,87.56073559568875,239.45120653784514,259.2127961524295,398.26060543927326,256.22613377043086,291.45984657467733,31.96992606825525,265.85852873532536,116.03964402491867,143.04334766596963,80.54356913034188,277.192952260508,227.78292672107594,351.3975210131116,322.68232859985096,56.09022637743949,221.12459189062324,348.59436071831175,119.99182897303145,405.7481320247372,75.3005028667274,438.74077727954375,461.7924857046733,190.10718124705602,184.9351289951568,306.6654619326507,204.9417240765915,411.67841055292183,244.31702545233608,273.0110112249076,451.3851648750206,117.7278263902586,84.47195821870132,171.18345676485197,0.0,344.4499121422447,233.4399646331678,416.7563926517467,266.89778141498994,34.67320035995366,345.8423643572474,226.0504857038491,170.29051540352216,412.3406187577222,471.9694225861925,296.37997792633996
4143765783,505.02819692449043,545.3973097720334,442.5271259047317,491.88258221215557,540.9069030033095,627.5897687830052,416.45838235012604,103.9195653711561,699.3379189446085,351.99262171295373,597.7553155881567,243.7052808517924,282.9916693834633,364.09836776192884,616.1798837257279,408.45532629293183,530.4467635752122,603.2923198994041,640.4238135927424,301.0352020949806,242.24086349725857,589.7703478637204,130.58017107285932,595.8242335244067,180.33103297020025,345.65246155444294,135.29938410858375,444.61185616404106,482.6414474199455,408.91430129832594,287.797334917198,541.4654622072636,297.2813722683646,237.64632612545174,395.68832613141535,181.064477058177,120.86553724822585,448.53874415689324,247.9202684483192,414.8986026207033,129.97631734845143,153.02802577358096,304.4451124277525,303.07238003653083,76.40490511410766,390.6242060796885,108.25849288037793,234.84847492744066,220.66755025907344,183.7047305086067,254.5362761723702,398.154493704889,202.06735211962706,362.61451613434303,0.0,547.1225001193554,107.99193272065433,108.27183662696388,327.98315475515,100.53630352991227,169.09828128117496,391.96625974436813,103.57615882662984,185.43605841862717,245.62221350961005
42428308,71.37525101802908,146.09899517871943,145.6356094250362,106.7533646275701,45.775130797035,125.41285505813512,145.41460493412902,570.9527182840362,194.09608116393096,325.78405942599437,99.27185391067616,338.8352910904966,278.8776329621986,223.85298655441923,91.97722813521796,199.80740596561034,31.963301897731775,104.80885822192363,116.2211580022323,286.913454142155,438.80392508431135,74.60824031589537,597.6133239857395,71.62157793389673,490.8125651211436,231.3226446147215,465.21124728179166,235.95893512301035,209.76004836715518,268.3724610642758,469.95211165018173,20.53229427862629,544.1566804027855,515.4414879895248,243.91911831137344,420.4773104370895,547.9470792647779,128.49755754781114,578.7413337437462,195.18197299626758,638.09349582601,661.1452042511395,381.34572296355793,376.1736707116587,506.01818047911695,392.77061601052543,611.0311290993882,443.66974399880235,472.3637297713738,650.7378834214868,317.08054493672483,163.7990746153412,370.53617531131823,199.35271854646624,543.802630688711,0.0,616.1091111982129,466.25049996145617,234.02591890641992,545.1950829037136,425.40320425031535,358.11940733745604,611.6933373041884,671.3221411326587,489.1391373160138
4149936235,548.8132955970386,555.8780704111589,474.0907032564702,523.446159563894,572.470480355048,632.9201630392648,491.53926676199313,64.4526388235976,695.192062132121,362.4733823520793,665.9617836318718,275.2688582035309,358.0725537953304,395.66194511366723,647.7434610774663,483.536210704799,605.5276479870795,678.3732043112713,671.9873909444807,332.59877944671905,247.57125775351832,630.3744732581438,70.70747835232712,627.3878108761452,185.66142722645998,420.7333459663101,152.44335717305813,455.09261680316666,510.95568184748373,419.39506193745154,293.1277291734576,610.0058793524289,300.10912284689414,242.56025055897817,427.25190348315374,210.0510716203383,124.72346038839162,491.15350607874575,240.87075612007746,446.4621799724417,51.31826405469623,74.36997247982578,309.7755066840122,318.05012473876377,101.55139279035852,395.9546003359482,17.314201658169903,240.17886918370039,225.9979445153332,100.89955890447466,308.02661214206825,469.9333305126892,249.19019594887618,420.16221312162025,88.73067755609108,622.2033845312227,0.0,154.93400678770064,398.80564499589616,104.39422667007804,199.40087331882927,397.2966540006278,3.8547029630547067,94.49176719641913,250.53613794313642
42453038,434.53137586237483,442.2758395279353,359.80878352180633,409.16423982923016,458.18856062038407,519.3179321560411,380.09354213131184,104.70221832258011,591.0660823176446,248.87115146885571,551.6798638972081,160.98693846886707,246.62682916464917,281.3800253790035,533.4615413428027,390.70861034149726,494.0819233563982,566.92747968059,557.7054712098168,218.31685971205525,133.96902687029467,516.09255352348,131.36282402428333,513.1058911414814,72.05919634323635,309.28762133562884,38.16143743839439,341.49038591994304,397.35345096426,305.7928310542279,179.52549829023405,495.7239596177651,192.3679199694178,129.37448949848786,312.96998374849,95.76915188567449,81.69657930332181,376.8715863440819,164.65748137661174,332.1802602377779,178.78469153445826,201.8363999595878,196.17327580078862,204.44789385554017,39.76768051766077,282.35236945272464,144.78062913793195,126.57663830047679,112.39571363210956,184.48738346003074,193.74469240740444,355.6514107780254,134.9082762142124,305.8802933869565,77.55213072725482,510.75765990054134,167.9807540213084,0.0,284.52372526123236,78.94458294225744,85.11895358416547,283.6944231174042,163.5649801272839,205.07164117120254,137.35037688264612
42429661,212.32926246747974,249.2190761631844,137.6066701269112,186.96212643433506,235.98644722548892,344.69505487082455,150.7560465122576,336.92679937761625,413.37828097662043,105.51867492862212,329.47775050231286,104.8093721840767,44.851714055778665,59.17791198410835,311.25942794790745,224.12740377686296,264.7444277373439,337.58998406153574,335.50335781492174,52.887535235735086,204.7780061778914,293.8904401285848,363.5874050793196,290.90377774658623,256.78664621472365,79.95012571657453,231.18532837537174,150.6380241627178,177.72099164212497,114.94046929700266,242.5197519005543,273.52184622286995,316.7243206531579,288.0091282398973,90.76787035359483,186.45139153066953,313.9211603583581,154.66947294918677,371.07493166478343,109.97814684288272,404.06757691959,427.1192853447196,155.43398088710234,150.26192863520313,271.9922615726971,176.00843514460234,377.0052101929682,209.64382509238234,238.33781086495392,416.711964515067,83.05462603030493,132.45215786702062,136.51025640489829,83.67817999206136,309.77671178229104,281.4201642814871,382.08319229179295,232.22458105503625,0.0,311.1691639972937,191.37728534389544,140.88280749504258,377.66741839776853,437.2962222262388,261.70677756638634
2821304137,486.14493885226176,493.20971366638196,411.4223465116932,460.7778028191171,509.80212361027094,570.251806294488,433.78955190905805,25.985706626428126,641.9999564560912,299.8050256073024,603.2934268870949,212.60050145875397,300.3228389423954,332.9935883688904,585.0751043326894,429.7297541141843,547.7779331341444,620.6234894583362,609.3190341997038,269.9304227019421,184.9029010087414,567.7061165133669,52.646312328131344,564.7194541313683,122.99307048168308,362.98363111337505,89.77500042828129,392.42426005838973,448.2873251027068,356.7267051926746,230.4593724286808,547.337522607652,238.4709386637534,179.89189381420124,364.5835467383769,147.3827148755614,62.05510364361471,428.48514933396876,188.8753310745632,383.79382322766475,100.0681798383063,123.11988826343585,247.1071499392353,255.38176799398684,38.88303604558162,333.28624359117134,66.06411744177997,177.51051243892348,163.32958777055626,105.77087176387873,245.35825539729134,407.2649737679123,186.52183920409928,357.49385637684344,50.26374535892161,564.4536696782876,98.55414682485035,92.2656500429237,336.13728825111923,0.0,136.73251657405234,334.6282972558509,94.13837293082585,126.35512947505057,187.86778119835952
42452015,381.4085014820365,410.08591245316774,306.68590914146796,356.04136544889184,405.06568624004564,494.30917252782666,330.85686563905114,145.54951403372095,566.0573226894301,216.68122439408816,498.55698951686963,107.86406408852872,197.39015267238847,228.25715099866514,480.33866696246423,343.3879110631001,444.8452468641375,517.6908031883293,504.5825968294785,165.1939853317169,110.31263677655691,462.9696791431416,172.21011973542414,459.983016761143,65.40936087082822,260.05094484336814,39.8080430314763,309.3004588451755,346.8002306566818,273.6029039794604,155.86910819649628,442.6010852374267,169.48745874037482,106.4940282694449,259.8471093681516,42.64627750533615,122.54387501446263,323.7487119637435,189.5598316943311,279.0573858574395,219.63198724559913,242.68369567072867,172.51688570705082,167.76098271766529,80.6149762288016,258.6959793589868,185.6279248490728,102.92024820673905,88.73932353837179,225.33467917117156,140.6218180270661,302.52853639768705,81.78540183387406,252.75741900661814,118.39942643839564,461.52098340828064,205.55606602690762,40.84729571114082,231.400850880894,119.79187865339826,0.0,258.6856634891897,201.1402921328831,245.91893688234336,114.46991565360317
42431461,303.7241997083634,231.00087825653844,229.00160736779495,278.35706367521874,326.308106934643,275.2086089375141,278.07643169891935,317.3579197519581,346.9567590991175,48.99772230226818,419.799410211467,183.11560689880866,158.24729094103125,150.95772739328643,335.60004927145286,351.4477889635248,388.52866411421564,452.03635580530283,398.192798971365,101.62886199515522,145.85891326459668,384.2120998377389,344.0185254536613,381.22543745574035,227.33113562622412,207.4107498810988,267.6012904047484,130.5801740200941,186.44323906441105,94.91994897326948,142.05878605116087,363.843505932024,216.26335480376454,187.54816239050388,119.37329172617187,251.84272043569925,288.384004571437,246.178200837189,270.6139658153901,188.71586964208976,391.44039296383625,405.9776711298613,95.31161673644087,90.13956448454165,304.06494550635716,60.170538735798445,357.4363305673099,159.21632988399787,188.20908225741903,363.62880779958783,165.21799649182915,225.22911279230837,214.37727594351887,175.45799540123943,341.6359584844516,386.9947930413158,389.9263599503803,287.2725158871733,154.11526582994279,291.37221312553,246.42522017603244,0.0,385.51058605635586,384.2130655107597,161.24581171699285
4149936245,553.2290694910631,560.2938443051834,478.5064771504946,527.8619334579184,576.8862542490724,637.3359369332894,495.9550406560176,68.86841271762209,699.6078360261454,366.8891562461038,670.3775575258963,279.6846320975554,362.4883276893549,400.0777190076917,652.1592349714908,487.95198459882346,609.943421881104,682.7889782052957,676.4031648385053,337.01455334074353,251.98703164754284,634.7902471521684,75.12325224635161,631.8035847701697,190.0772011204845,425.1491198603345,156.85913106708267,459.5083906971912,515.3714557415083,423.810835831476,297.5435030674822,614.4216532464535,304.5248967409186,246.97602445300265,431.6676773771783,214.46684551436277,129.13923428241608,495.5692799727702,245.28653001410197,450.87795386646616,55.734037948720726,78.78574637385027,314.19128057803675,322.4658986327883,105.96716668438302,400.37037422997275,21.729975552194396,244.5946430777249,230.41371840935767,105.31533279849916,312.4423860360927,474.3491044067137,253.60596984290066,424.5779870156448,93.14645145011558,626.6191584252472,4.415773894024496,159.34978068172515,403.22141888992064,108.81000056410252,203.81664721285375,401.71242789465236,0.0,98.90754109044364,254.95191183716094
42432679,571.1054654181777,559.247104129587,496.3828730776092,545.738329385033,594.762650176187,597.6990758969213,513.8314365831322,86.74480864473666,648.1031674027073,365.8424160705075,688.2539534530109,297.56102802466995,380.36472361646946,417.9541149348064,658.1317044647279,505.82838052593803,627.8198178082184,700.6653741324103,694.2795607656199,354.89094926785816,267.64018130961495,652.666643079283,53.020736986092246,649.6799806972842,196.7214830504802,443.02551578744914,174.73552699419724,458.4616505215948,514.3247155659118,422.76409565587966,265.88034601951796,632.2980491735681,253.02022811748054,200.45405791295013,447.217438408782,232.34324144147735,147.01563020953068,513.4456758998848,193.7818613906639,468.7543497935808,79.05720020667471,77.9439155729192,321.7185435166963,329.9931615714478,123.8435626114976,372.28658253532535,45.053137810148385,260.6967117805012,235.1019309939744,13.253423816633674,330.31878196320736,492.2255003338283,271.4823657700153,442.4543829427594,111.02284737723015,644.4955543523618,81.44667502362068,177.22617660883972,421.09781481703527,126.68639649121712,221.69304313996832,386.6997190003969,84.2251359853585,0.0,211.689862021386
1773076511,419.9158141884781,347.557242108201,345.19322184790957,394.54867815533345,442.49972141475774,410.6333660176479,386.57323878697304,179.08412258339322,482.38151617925143,154.1525540491215,535.9910246915816,163.58043723645068,253.10652582031037,266.8653719749136,451.7916637515675,444.13116540876024,500.5616200120594,568.2279702854175,515.0090214711197,206.7836937420085,67.1190207147753,500.40371431785366,193.31533417006767,497.41705193585506,69.00613401877311,315.76731799129,130.85004792181132,246.77178850020883,302.63485354452575,211.07423363449362,55.654073546285844,480.0351204121388,55.01754308677165,27.499573100670993,235.52757638739607,116.12761923971284,130.05900296398602,362.356932939992,110.56537652555718,304.9074841222045,253.16659579527138,246.70358114649824,113.09870802530276,121.37332608005428,166.86442608934234,164.6535658391122,219.16253339874507,60.42869806921787,36.75328641484649,204.35471781622476,196.33819117498797,341.13675737393555,142.8838923292532,291.36563998286664,203.3621613158867,503.1864075214305,251.65256278181542,151.26219000106258,270.00907185714254,154.17169370851516,110.41489428992175,175.009856979011,247.2367888877909,224.93897552739662,0.0
